[
  {
    "TextA": "Come along for",
    "TextB": "Acompañenos",
    "Status": 0
    
    
    
  },
  {
    "TextA": "The only catch is",
    "TextB": "Lo único si",
    "Status": 0
    
    
    
  },
  {
    "TextA": "Rule of thumb",
    "TextB": "Regla de oro",
    "Status": 0
    
    
    
  },
  {
    "TextA": "A tad over",
    "TextB": "Un poco más",
    "Status": 0
    
    
    
  },
  {
    "TextA": "Far too soon",
    "TextB": "Demasiado pronto",
    "Status": 0
    
    
    
  },
  {
    "TextA": "Caveat goes",
    "TextB": "Advertencia dice",
    "Status": 0
    
    
    
  },
  {
    "TextA": "We're at it",
    "TextB": "Estamos en eso",
    "Status": 0
    
    
    
  },
  {
    "TextA": "For more that",
    "TextB": "Por más que",
    "Status": 0
    
    
    
  },
  {
    "TextA": "Second thought",
    "TextB": "Pensándolo bien",
    "Status": 0
    
    
    
  },
  {
    "TextA": "That very hour",
    "TextB": "En ese mismo instante",
    "Status": 0
    
    
    
  },
  {
    "TextA": "Without going further.",
    "TextB": "Sin ir más lejos",
    "Status": 0
    
    
    
  },
  {
    "TextA": "Just one left",
    "TextB": "Solo queda uno",
    "Status": 0
    
    
    
  },
  {
    "TextA": "Blaze the trail",
    "TextB": "Abrir el camino",
    "Status": 0
    
    
    
  },
  {
    "TextA": "To expedite",
    "TextB": "Acelerar",
    "Status": 0
    
    
    
  },
  {
    "TextA": "It took me a while",
    "TextB": "Me tomo un rato",
    "Status": 0
    
    
    
  },
  {
    "TextA": "I find it interesting",
    "TextB": "Me parece interesante",
    "Status": 0
    
    
    
  },
  {
    "TextA": "off the grid",
    "TextB": "Fuera del mapa",
    "Status": 0
    
    
    
  },
  {
    "TextA": "Bunch of stuff",
    "TextB": "Montón de cosas",
    "Status": 0
    
    
    
  },
  {
    "TextA": "Going on",
    "TextB": "Sucediendo/pasando",
    "Status": 0
    
    
    
  },
  {
    "TextA": "I gotta do",
    "TextB": "Tengo que hacer",
    "Status": 0
    
    
    
  },
  {
    "TextA": "Would have been",
    "TextB": "Habría sido",
    "Status": 0
    
    
    
  },
  {
    "TextA": "Write down",
    "TextB": "Anotar",
    "Status": 0
    
    
    
  },
  {
    "TextA": "What has become of?",
    "TextB": "Que ha sido?",
    "Status": 0
    
    
    
  },
  {
    "TextA": "Does that work for you?",
    "TextB": "Funciona para ti?",
    "Status": 0
    
    
    
  },
  {
    "TextA": "I'm serious",
    "TextB": "En serio",
    "Status": 0
    
    
    
  },
  {
    "TextA": "gotta go",
    "TextB": "Tengo que irme",
    "Status": 0
    
    
    
  },
  {
    "TextA": "Totally unrelated",
    "TextB": "Nada que ver",
    "Status": 0
    
    
    
  },
  {
    "TextA": "It is catching on",
    "TextB": "Se está poniendo al día",
    "Status": 0
    
    
    
  },
  {
    "TextA": "cheer you up",
    "TextB": "Animarte",
    "Status": 0
    
    
    
  },
  {
    "TextA": "Get tied up",
    "TextB": "Quedar atado",
    "Status": 0
    
    
    
  },
  {
    "TextA": "You won't regret it",
    "TextB": "No te arrepentirás",
    "Status": 0
    
    
    
  },
  {
    "TextA": "Halfway",
    "TextB": "Mitad de camino",
    "Status": 0
    
    
    
  },
  {
    "TextA": "I'll make it up to you",
    "TextB": "Lo haré por ti",
    "Status": 0
    
    
    
  },
  {
    "TextA": "Pick the day",
    "TextB": "Eligir el día",
    "Status": 0
    
    
    
  },
  {
    "TextA": "Blow your mine",
    "TextB": "Volar tu cabeza",
    "Status": 0
    
    
    
  },
  {
    "TextA": "You have got to start",
    "TextB": "Tienes que empezar",
    "Status": 0
    
    
    
  },
  {
    "TextA": "Just a little furhter",
    "TextB": "Solo un poco más lejos",
    "Status": 0
    
    
    
  },
  {
    "TextA": "Couple bucks",
    "TextB": "Unos dolares",
    "Status": 0
    
    
    
  },
  {
    "TextA": "run out of",
    "TextB": "Quedar sin",
    "Status": 0
    
    
    
  },
  {
    "TextA": "He goes out the window",
    "TextB": "El sale por la ventana",
    "Status": 0
    
    
    
  },
  {
    "TextA": "Briefly",
    "TextB": "Brevemente",
    "Status": 0
    
    
    
  },
  {
    "TextA": "De facto",
    "TextB": "De facto",
    "Status": 0
    
    
    
  },
  {
    "TextA": "If i had",
    "TextB": "Si tuviera",
    "Status": 0
    
    
    
  },
  {
    "TextA": "Pain points",
    "TextB": "Puntos debiles",
    "Status": 0
    
    
    
  },
  {
    "TextA": "I can give my best try",
    "TextB": "Puedo dar mi mejor intento",
    "Status": 0
    
    
    
  },
  {
    "TextA": "I'll do my best",
    "TextB": "Haré mi mejor esfuerzo",
    "Status": 0
    
    
    
  },
  {
    "TextA": "It happens to me",
    "TextB": "Me pasa",
    "Status": 0
    
    
    
  },
  {
    "TextA": "We'll keep on",
    "TextB": "Seguiremos",
    "Status": 0
    
    
    
  },
  {
    "TextA": "Throughout",
    "TextB": "A lo largo de",
    "Status": 0
    
    
    
  },
  {
    "TextA": "Properly",
    "TextB": "Apropiadamente",
    "Status": 0
    
    
    
  },
  {
    "TextA": "We're getting close",
    "TextB": "Nos estamos acercando",
    "Status": 0
    
    
    
  },
  {
    "TextA": "I hope I was clear",
    "TextB": "Espero haber sido claro",
    "Status": 0
    
    
    
  },
  {
    "TextA": "Have you gotten..?",
    "TextB": "Has conseguido?",
    "Status": 0
    
    
    
  },
  {
    "TextA": "As per",
    "TextB": "Según",
    "Status": 0
    
    
    
  },
  {
    "TextA": "Stale items",
    "TextB": "Items obsoletos",
    "Status": 0
    
    
    
  },
  {
    "TextA": "I'm all done",
    "TextB": "Tengo todo listo",
    "Status": 0
    
    
    
  },
  {
    "TextA": "It was the one that",
    "TextB": "Fue el que",
    "Status": 0
    
    
    
  },
  {
    "TextA": "I have been working",
    "TextB": "He estado trabajando",
    "Status": 0
    
    
    
  },
  {
    "TextA": "I was working",
    "TextB": "Estuve trabajando",
    "Status": 0
    
    
    
  },
  {
    "TextA": "My friends have passed the test.",
    "TextB": "mis amigos han pasado el test",
    "Status": 0
    
    
    
  },
  {
    "TextA": "I have just fed the rabbits.",
    "TextB": "Acabo de dar de comer a los conejos",
    "Status": 0
    
    
    
  },
  {
    "TextA": "I just fed the rabbits.",
    "TextB": "Acabo de dar de comer a los conejos",
    "Status": 0
    
    
    
  },
  {
    "TextA": "He has already invited his friends.",
    "TextB": "Ya ha invitado a sus amigos",
    "Status": 0
    
    
    
  },
  {
    "TextA": "I was at the pet shop",
    "TextB": "Estuve en la tienda de mascotas",
    "Status": 0
    
    
    
  },
  {
    "TextA": "Marcus has had an accident",
    "TextB": "Marcus ha tenido un accidente",
    "Status": 0
    
    
    
  },
  {
    "TextA": "Emily has painted her room",
    "TextB": "Emily ha pintado su habitación",
    "Status": 0
    
    
    
  },
  {
    "TextA": "I have just cleaned my bike",
    "TextB": "Acabo de limpiar mi bicicleta",
    "Status": 0
    
    
    
  },
  {
    "TextA": "Has Sophie prepared the talk in history yet",
    "TextB": "Ha Sophie preparado ya la charla de historia?",
    "Status": 0
    
    
    
  },
  {
    "TextA": "Why haven't you checked the tyres yet",
    "TextB": "Por qué no has revisado los neumáticos todavía",
    "Status": 0
    
    
    
  },
  {
    "TextA": "I was looking for a book that had good reviews",
    "TextB": "Estaba buscando un libro que tuviera buenas críticas",
    "Status": 0
    
    
    
  },
  {
    "TextA": "She asked me if I had learned the new words",
    "TextB": "Ella me preguntó si había aprendido las nuevas palabras",
    "Status": 0
    
    
    
  },
  {
    "TextA": "Jack had fed his hamster before he left his house",
    "TextB": "Jack había alimentado a su hámster antes de que saliera de su casa",
    "Status": 0
    
    
    
  },
  {
    "TextA": "Jack had fed his hamster before he left his house",
    "TextB": "Jack había alimentado a su hámster antes de que saliera de su casa",
    "Status": 0
    
    
    
  },
  {
    "TextA": "It had not rained for three weeks",
    "TextB": "No había llovido durante tres semanas",
    "Status": 0
    
    
    
  },
  {
    "TextA": "It surprised me that you had gone to Peru",
    "TextB": "Me sorprendio que hubieras ido a Perú",
    "Status": 0
    
    
    
  },
  {
    "TextA": "I hoped that you had eaten",
    "TextB": "Esperaba que hubieras comido",
    "Status": 0
    
    
    
  },
  {
    "TextA": "If only he had arrived on time",
    "TextB": "Ojalá el hubiera llegado a tiempo",
    "Status": 0
    
    
    
  },
  {
    "TextA": "If only he had arrived on time",
    "TextB": "Si tan solo hubiera llegado a tiempo",
    "Status": 0
    
    
    
  },
  {
    "TextA": "If they had gone on vacation, they would have bought gifts for us",
    "TextB": "Si hubieran ido de vacaciones, nos habrían comprado regalos",
    "Status": 0
    
    
    
  },
  {
    "TextA": "I doubted that he was coming",
    "TextB": "Dudaba que el viniera",
    "Status": 0
    
    
    
  },
  {
    "TextA": "I'm looking for a book that has gotten good reviews",
    "TextB": "Busco un libro que haya obtenido buenas críticas",
    "Status": 0
    
    
    
  },
  {
    "TextA": "I am happy that you have come",
    "TextB": "Me alegro de que hayas venido",
    "Status": 0
    
    
    
  },
  {
    "TextA": "who had come with her",
    "TextB": "Quien había venido con ella",
    "Status": 0
    
    
    
  },
  {
    "TextA": "He has been working four days",
    "TextB": "Ha estado trabajando por 4 dias",
    "Status": 0
    
    
    
  },
  {
    "TextA": "Didn't I tell you",
    "TextB": "No te dije?",
    "Status": 0
    
    
    
  },
  {
    "TextA": "Didn't I tell you?",
    "TextB": "No te dije?",
    "Status": 0
    
    
    
  },
  {
    "TextA": "Keep us posted how we can wrap this up",
    "TextB": "Manténganos informados sobre cómo podemos concluir esto",
    "Status": 0
    
    
    
  },
  {
    "TextA": "wrap this up",
    "TextB": "acabar con esto",
    "Status": 0
    
    
    
  },
  {
    "TextA": "given our preference for",
    "TextB": "dada nuestra preferencia por",
    "Status": 0
    
    
    
  },
  {
    "TextA": "Anne will have repaired her bike next week",
    "TextB": "Anne habrá reparado su bicicleta la próxima semana",
    "Status": 0
    
    
    
  },
  {
    "TextA": "Do you think there is a problem in?",
    "TextB": "Crees que exista un problema en?",
    "Status": 0
    
    
    
  },
  {
    "TextA": "Is playing in",
    "TextB": "Se está produciendo",
    "Status": 0
    
    
    
  },
  {
    "TextA": "Tony hasn't been reading his book, but Mary has",
    "TextB": "Tony no ha estado leyendo su libro, pero Mary sí.",
    "Status": 0
    
    
    
  },
  {
    "TextA": "the thing has gone too far",
    "TextB": "las cosas han ido demasiado lejos",
    "Status": 0
    
    
    
  },
  {
    "TextA": "I didn’t think I’d go into",
    "TextB": "no pense que podria entrar",
    "Status": 0
    
    
    
  },
  {
    "TextA": "What do the colors on the.. ?",
    "TextB": "Que indican los colores en..?",
    "Status": 0
    
    
    
  },
  {
    "TextA": "the card attempted to be added",
    "TextB": "la tarjeta que se intento agregar",
    "Status": 0
    
    
    
  },
  {
    "TextA": "don’t mind",
    "TextB": "no importa",
    "Status": 0
    
    
    
  },
  {
    "TextA": "What are we going to do",
    "TextB": "Que vamos a hacer",
    "Status": 0
    
    
    
  },
  {
    "TextA": "We have made some headway",
    "TextB": "Hemos hecho algunos avances",
    "Status": 0
    
    
    
  },
  {
    "TextA": "you are on your own",
    "TextB": "Estas por tu propia cuenta",
    "Status": 0
    
    
    
  },
  {
    "TextA": "Didn't they tell you?",
    "TextB": "No te lo dijeron?",
    "Status": 0
    
    
    
  },
  {
    "TextA": "Haven't they told you yet?",
    "TextB": "No te lo han dicho aún?",
    "Status": 0
    
    
    
  },
  {
    "TextA": "Have you already had lunch?",
    "TextB": "Ya almorzaste?",
    "Status": 0
    
    
    
  },
  {
    "TextA": "Have you already had lunch?",
    "TextB": "Ya almorzaste?",
    "Status": 0
    
    
    
  },
  {
    "TextA": "You don't have to do it",
    "TextB": "No tienes que hacer esto",
    "Status": 0
    
    
    
  },
  {
    "TextA": "Nobody else knows",
    "TextB": "Nadie más lo sabe",
    "Status": 0
    
    
    
  },
  {
    "TextA": "He doesn't have a pen",
    "TextB": "El no tiene un lápiz",
    "Status": 0
    
    
    
  },
  {
    "TextA": "Do you have a girlfriend?",
    "TextB": "Tienes novia?",
    "Status": 0
    
    
    
  },
  {
    "TextA": "It appear that most users have now been restored",
    "TextB": "Parece que la mayoría de los usuarios han sido restaurados",
    "Status": 0
    
    
    
  },
  {
    "TextA": "For any lingering issues, head over to",
    "TextB": "Pará cualquier problema persistente diríjase a",
    "Status": 0
    
    
    
  },
  {
    "TextA": "They offered to take us to the park",
    "TextB": "Se ofrecieron en llevarnos al parque",
    "Status": 0
    
    
    
  },
  {
    "TextA": "Yes, but none of mine are coming",
    "TextB": "Si, pero ninguno de los míos vendra",
    "Status": 0
    
    
    
  },
  {
    "TextA": "If your car has run out of fuel",
    "TextB": "Si tu auto quedó sin gasolina",
    "Status": 0
    
    
    
  },
  {
    "TextA": "It was my understanding that",
    "TextB": "Tenía entendido que",
    "Status": 0
    
    
    
  },
  {
    "TextA": "Instead of doing nothing",
    "TextB": "En vez de que este haciendo nada",
    "Status": 0
    
    
    
  },
  {
    "TextA": "What company does he work for?",
    "TextB": "Para que empresa el trabaja?",
    "Status": 0
    
    
    
  },
  {
    "TextA": "I'm not angry with at him at all",
    "TextB": "No estoy enojado con el en absoluto",
    "Status": 0
    
    
    
  },
  {
    "TextA": "If i had free time, I would play computer",
    "TextB": "Si tuviera tiempo libre jugaría al computador",
    "Status": 0
    
    
    
  },
  {
    "TextA": "I wouldnt buy this coat if i were you",
    "TextB": "No compraría este abrigo si fuera tú",
    "Status": 0
    
    
    
  },
  {
    "TextA": "You'll get usted to them",
    "TextB": "Te acostumbraras a ellos",
    "Status": 0
    
    
    
  },
  {
    "TextA": "Were you able to fix the pc?",
    "TextB": "Pudiste arreglar el pc?",
    "Status": 0
    
    
    
  },
  {
    "TextA": "My boss told me off for being late",
    "TextB": "Mi jefe me regaño por llegar tarde",
    "Status": 0
    
    
    
  },
  {
    "TextA": "This photography was taken last year",
    "TextB": "Esta foto fue tomada el año pasado",
    "Status": 0
    
    
    
  },
  {
    "TextA": "They were picked yesterday",
    "TextB": "Fueron recogidos ayer",
    "Status": 0
    
    
    
  },
  {
    "TextA": "We are going to cinema, aren't we?",
    "TextB": "Vamos al cine, no?",
    "Status": 0
    
    
    
  },
  {
    "TextA": "I have never heard of him",
    "TextB": "Nunca he escuchado de el",
    "Status": 0
    
    
    
  },

  {
    "TextA": "Would you mind switching off the lights please",
    "TextB": "Le importaría apagar las luces por favor",
    "Status":0
    
    
    
  },
  {
    "TextA": "If i was a millionaire",
    "TextB": "Si fuera millonario",
    "Status":0
    
    
    
  },
  {
    "TextA": "I would help you if you were more polite",
    "TextB": "Te ayudaría si fueras mas educado",
    "Status":0
    
    
    
  },
  {
    "TextA": "I attribute my success to this",
    "TextB": "Atribuyo mi éxito a esto",
    "Status":0
    
    
    
  },
  {
    "TextA": "You'll get used to this weather",
    "TextB": "Te acostumbraras a este clima",
    "Status":0
    
    
    
  },
  {
    "TextA": "Have you had your lunch yet?",
    "TextB": "Has almorzado ya?",
    "Status":0
    
    
    
  },
  {
    "TextA": "Has your car been fixed yet?",
    "TextB": "Ha sido reparado tu auto?",
    "Status":0
    
    
    
  },
  {
    "TextA": "I thought you had gone",
    "TextB": "Pensé que te habías ido",
    "Status":0
    
    
    
  },
  {
    "TextA": "I have two books, you can take etheir of them",
    "TextB": "Tengo dos libros, puedes llevarte cualquiera de ellos",
    "Status":0
    
    
    
  },
  {
    "TextA": "Neither helen nor janie know programming",
    "TextB": "Ni helen ni janie saben de programación",
    "Status":0
    
    
    
  },
  {
    "TextA": "Unless you tell me otherwise",
    "TextB": "A menos que me digas lo contrario",
    "Status":0
    
    
    
  },
  {
    "TextA": "I been on hold for almost half an hour",
    "TextB": "He estado en espera durante casi media hora",
    "Status":0
    
    
    
  },
  {
    "TextA": "Spare money",
    "TextB": "Dinero extra",
    "Status":0
    
    
    
  },
  {
    "TextA": "Which one of you?",
    "TextB": "Quien de ustedes?",
    "Status":0
    
    
    
  },
  {
    "TextA": "This is the third time",
    "TextB": "Esta es la tercera vez",
    "Status":0
    
    
    
  },
  {
    "TextA": "Didn't I see you with him?",
    "TextB": "No te vi con el?",
    "Status":0
    
    
    
  },
  {
    "TextA": "It was early moring",
    "TextB": "Era temprano en la mañana",
    "Status":0
    
    
    
  },
  {
    "TextA": "Did either of you work?",
    "TextB": "Alguno de ustedes trabajó?",
    "Status":0
    
    
    
  },
  {
    "TextA": "Seems to indicate otherwise",
    "TextB": "Parece indicar lo contrario",
    "Status":0
    
    
    
  },
  {
    "TextA": "I'm going to be late",
    "TextB": "Voy a llegar tarde",
    "Status":0
    
    
    
  },
  {
    "TextA": "How came you are so strong?",
    "TextB": "Como es que eres tan fuerte?",
    "Status":0
    
    
    
  },
  {
    "TextA": "What are you good at?",
    "TextB": "Para que eres bueno?",
    "Status":0
    
    
    
  },
  {
    "TextA": "If we lived in the montains",
    "TextB": "Si viviéramos en las montañas",
    "Status":0
    
    
    
  },
  {
    "TextA": "They placed the body there",
    "TextB": "Pusieron el cuerpo ahi",
    "Status":0
    
    
    
  },
  {
    "TextA": "There will be not loss of any",
    "TextB": "No habrá pérdida de ninguna",
    "Status":0
    
    
    
  },
  {
    "TextA": "You're soon going to see",
    "TextB": "Pronto veras",
    "Status":0
    
    
    
  },
  {
    "TextA": "Shortly after",
    "TextB": "Poco después",
    "Status":0
    
    
    
  },
  {
    "TextA": "Dont hold back",
    "TextB": "No lo retengas",
    "Status":0
    
    
    
  },
  {
    "TextA": "Even though",
    "TextB": "A pesar que / aunque",
    "Status":0
    
    
    
  },
  {
    "TextA": "Like minded",
    "TextB": "Mentalidad similar",
    "Status":0
    
    
    
  },
  {
    "TextA": "Have you thought of that?",
    "TextB": "Lo has pensado? / has pensado en eso?",
    "Status":0
    
    
    
  },
  {
    "TextA": "What this is for?",
    "TextB": "Para que sirve?",
    "Status":0
    
    
    
  },
  {
    "TextA": "I'd rather have",
    "TextB": "Preferiría tener",
    "Status":0
    
    
    
  },
  {
    "TextA": "To get away with",
    "TextB": "Salirse con la suya",
    "Status":0
    
    
    
  },
  {
    "TextA": "It is typical of",
    "TextB": "Es propio de",
    "Status":0
    
    
    
  },
  {
    "TextA": "Our will to be free is unbeatable",
    "TextB": "Nuestra voluntad de ser libres es imbatible",
    "Status":0
    
    
    
  },
  {
    "TextA": "Are slim to none",
    "TextB": "Pocos o nulas",
    "Status":0
    
    
    
  },
  {
    "TextA": "No worries, I'll get by",
    "TextB": "Descuida, me las arreglare",
    "Status":0
    
    
    
  },
  {
    "TextA": "Whether you like it or not",
    "TextB": "Ya sea que te guste o no",
    "Status":0
    
    
    
  },
  {
    "TextA": "Nothing beats a cup of coffee",
    "TextB": "Nada mejor que una taza de café",
    "Status":0
    
    
    
  },
  {
    "TextA": "Passing away",
    "TextB": "Fallecimiento",
    "Status":0
    
    
    
  },
  {
    "TextA": "I got confused",
    "TextB": "Me confundí",
    "Status":0
    
    
    
  },
  {
    "TextA": "That being said",
    "TextB": "Dicho esto",
    "Status":0
    
    
    
  },
  {
    "TextA": "I could get used to this",
    "TextB": "Podría acostumbrarme a esto",
    "Status":0
    
    
    
  },
  {
    "TextA": "Im getting used to the life in Barcelona",
    "TextB": "Me estoy acostumbrando a la vida en Barcelona",
    "Status":0
    
    
    
  },
  {
    "TextA": "I was used to the life in Chile",
    "TextB": "Estaba acostumbrado a la vida en Chile",
    "Status":0
    
    
    
  },
  {
    "TextA": "Since there is no answer",
    "TextB": "Dado que no hay respuesta",
    "Status":0
    
    
    
  },
  {
    "TextA": "I know that is terrible timing",
    "TextB": "Se que es mal momento",
    "Status":0
    
    
    
  },
  {
    "TextA": "Both the kitchen and room",
    "TextB": "Tanto la cocina como la habitación",
    "Status":0
    
    
    
  },
  {
    "TextA": "Im about to end my shift in a bit, I'll try to carry on",
    "TextB": "Estoy apuntó de terminar mi turno, interare continuar",
    "Status":0
    
    
    
  },
  {
    "TextA": "At the very least",
    "TextB": "Por lo menos",
    "Status":0
    
    
    
  },
  {
    "TextA": "I did this on purpose",
    "TextB": "Lo hice a propósito",
    "Status":0
    
    
    
  },
  {
    "TextA": "Instead of fixing it I made it worse",
    "TextB": "En vez de arreglarlo lo empeore",
    "Status":0
    
    
    
  },
  {
    "TextA": "He has passed out",
    "TextB": "Se ha desmayado",
    "Status":0
    
    
    
  },
  {
    "TextA": "The very reason we are in this position",
    "TextB": "La misma razón por la que estamos asi",
    "Status":0
    
    
    
  },
  {
    "TextA": "Remove them all but this one",
    "TextB": "Quitalos todos menos este",
    "Status":0
    
    
    
  },
  {
    "TextA": "Ignore them everything except a few files",
    "TextB": "Ignora los todos menos unos pocos archivos",
    "Status":0
    
    
    
  },
  {
    "TextA": "So, having said that",
    "TextB": "Entonces, dicho esto",
    "Status":0
    
    
    
  },
  {
    "TextA": "He is basing his decisions on science",
    "TextB": "Esta basando sus decisiones en la ciencia",
    "Status":0
    
    
    
  },
  {
    "TextA": "Well done mate",
    "TextB": "Bien hecho compañero",
    "Status":0
    
    
    
  },
  {
    "TextA": "The very words of God",
    "TextB": "La mismísima palabra de Dios",
    "Status":0
    
    
    
  },
  {
    "TextA": "We agreed that once I have finished",
    "TextB": "Acordamos que una vez yo haya finalizado",
    "Status":0
    
    
    
  },
  {
    "TextA": "God passed over the sins commited",
    "TextB": "Dios paso por alto los pecados cometidos",
    "Status":0
    
    
    
  },
  {
    "TextA": "Retrival program",
    "TextB": "Programa de recuperacion",
    "Status":0
    
    
    
  },
  {
    "TextA": "Catch you later",
    "TextB": "Nos vemos luego",
    "Status":0
    
    
    
  },
  {
    "TextA": "But mine is not just boasting.",
    "TextB": "Pero lo mio no es alarde",
    "Status":0
    
    
    
  },
  {
    "TextA": "Uphold",
    "TextB": "Confirmar/mantener",
    "Status":0
    
    
    
  },
  {
    "TextA": "To tear apart",
    "TextB": "Desgarrar/destrozar",
    "Status":0
    
    
    
  },
  {
    "TextA": "Slips of paper",
    "TextB": "Tiras de papel",
    "Status":0
    
    
    
  },
  {
    "TextA": "Endurance is the key to overcoming",
    "TextB": "La resistencia es la clave para superar",
    "Status":0
    
    
    
  },
  {
    "TextA": "Poured out",
    "TextB": "Derramado",
    "Status":0
    
    
    
  },
  {
    "TextA": "Why a Person Feels Helpless?",
    "TextB": "Porque una persona se siente impotente?",
    "Status":0
    
    
    
  },
  {
    "TextA": "What they were doing was ungodly and evil",
    "TextB": "Lo que estaban haciendo era impío y maligno",
    "Status":0
    
    
    
  },
  {
    "TextA": "Most hands have a likeness to them.",
    "TextB": "La mayoría de las manos tiene parecido entre ellas",
    "Status":0
    
    
    
  },
  {
    "TextA": "I would rather to avoid having to change",
    "TextB": "Preferiría evitar tener que cambiar",
    "Status":0
    
    
    
  },
  {
    "TextA": "We were naive to think we could get away with this.",
    "TextB": "Fuimos ingenuos en creer que podríamos librarnos de esto",
    "Status":0
    
    
    
  },
  {
    "TextA": "the felon who nearly murdered Kyle",
    "TextB": "El delincuente que casi mata a Kyle",
    "Status":0
    
    
    
  },
  {
    "TextA": "Kari Lake has filed a lawsuit to",
    "TextB": "Kari Lake ha presentado una ley para",
    "Status":0
    
    
    
  },
  {
    "TextA": "There are some who would not deem it wise",
    "TextB": "Hay algunos quienes no lo considerarían sabio eso",
    "Status":0
    
    
    
  },
  {
    "TextA": "They have the need",
    "TextB": "Tienen la necesidad",
    "Status":0
    
    
    
  },
  {
    "TextA": "The needs were covered",
    "TextB": "Las necesidades fueron cubiertas",
    "Status":0
    
    
    
  },
  {
    "TextA": "I feel proud for have had the opportunity",
    "TextB": "Me siento orgulloso de haber tenido la oportunidad",
    "Status":0
    
    
    
  },
  {
    "TextA": "Let no one deceive himself",
    "TextB": "Que nadie se engañe",
    "Status":0
    
    
    
  },
  {
    "TextA": "It relies on a series of",
    "TextB": "Se basa en una serie de",
    "Status":0
    
    
    
  },
  {
    "TextA": "Once an issue of",
    "TextB": "Una vez que un problema de",
    "Status":0
    
    
    
  },
  {
    "TextA": "Allows behavior to be added to",
    "TextB": "Permite que un comportamiento sea agregado a",
    "Status":0
    
    
    
  },
  {
    "TextA": "They may have minor differencies",
    "TextB": "Pueden tener pequeñas diferencias.",
    "Status":0
    
    
    
  },
  {
    "TextA": "It doesn't have a default template",
    "TextB": "No tiene una plantilla predeterminada",
    "Status":0
    
    
    
  },
  {
    "TextA": "as though",
    "TextB": "Como si",
    "Status":0
    
    
    
  },
  {
    "TextA": "You yourself",
    "TextB": "Ustedes mismos",
    "Status":0
    
    
    
  },
  {
    "TextA": "Do not be deceived",
    "TextB": "No sean engañados",
    "Status":0
    
    
    
  },
  {
    "TextA": "End up being really time consuming",
    "TextB": "Termina siendo realmente lento",
    "Status":0
    
    
    
  },
  {
    "TextA": "What a relief!",
    "TextB": "¡Qué alivio!",
    "Status":0
    
    
    
  },
  {
    "TextA": "There is no getting around this",
    "TextB": "No hay forma de evitar esto",
    "Status":0
    
    
    
  },
  {
    "TextA": "Under the guise of",
    "TextB": "Bajo la apariencia de",
    "Status":0
    
    
    
  },
  {
    "TextA": "I would rather be locked",
    "TextB": "prefiero estar encerrado",
    "Status":0
    
    
    
  },
  {
    "TextA": "More or less",
    "TextB": "Más o menos",
    "Status":0
    
    
    
  },
  {
    "TextA": "Getting started issue",
    "TextB": "Problema inicial",
    "Status":0
    
    
    
  },
  {
    "TextA": "If things go well",
    "TextB": "Si las cosas van bien",
    "Status":0
    
    
    
  },
  {
    "TextA": "Following the tradition",
    "TextB": "Siguiendo la tradición",
    "Status":0
    
    
    
  },
  {
    "TextA": "you can tell they want to",
    "TextB": "puedes decir que quieren",
    "Status":0
    
    
    
  },
  {
    "TextA": "This does nothing special",
    "TextB": "Esto no hace nada especial",
    "Status":0
    
    
    
  },
  {
    "TextA": "First things first",
    "TextB": "Lo primero es lo primero",
    "Status":0
    
    
    
  },
  {
    "TextA": "It with less clutter",
    "TextB": "Con menos lio",
    "Status":0
    
    
    
  },
  {
    "TextA": "Why do i need it?",
    "TextB": "¿Por qué lo necesito?",
    "Status":0
    
    
    
  }
]